{
    "bones": [{
        "parent": -1,
        "rotq": [0,0,0,1],
        "name": "Bone",
        "pos": [0,0,-0]
    },{
        "parent": 0,
        "rotq": [0,0,0,1],
        "name": "Bone.001",
        "pos": [0,0.5,-0]
    },{
        "parent": 1,
        "rotq": [0,0,0,1],
        "name": "Bone.002",
        "pos": [0,0.3,-0]
    }],
    "faces": [42,2,1,3,0,0,1,2,0,1,2,42,0,1,2,1,3,4,5,3,1,0,42,3,1,0,0,6,7,8,2,1,3,43,4,0,2,5,1,10,3,5,9,4,3,0,5,43,3,6,5,2,0,2,11,12,0,2,6,5,0,43,0,4,6,3,0,8,13,14,6,3,4,6,2,43,7,8,10,9,0,15,16,17,18,7,7,7,8,43,11,12,14,13,0,19,20,21,22,9,9,9,9,43,17,15,18,20,0,23,24,24,23,10,11,12,13,43,5,16,15,4,1,25,25,24,24,5,14,11,4,43,6,17,16,5,0,23,23,25,25,6,10,14,5,43,4,15,17,6,0,24,24,23,23,4,11,10,6,43,20,18,21,23,0,23,24,24,23,13,12,15,16,43,16,17,20,19,0,25,23,23,25,14,10,13,17,43,15,16,19,18,1,24,25,25,24,11,14,17,12,42,21,22,23,0,24,25,23,15,18,16,43,19,20,23,22,0,25,23,23,25,17,13,16,18,43,18,19,22,21,1,24,25,25,24,12,17,18,15],
    "normals": [0.797357,-0.187658,0.573534,0.355968,0.934477,0,-0.834223,0.216498,0.507096,-0.066866,0.03238,-0.997223,-0.004883,0.000671,-0.999969,0.833461,-0.107608,0.541948,-0.839839,0.108493,0.531846,0,0,-1,0,0,-0.999969,-0.934904,0.354808,0,-0.849727,0.073946,0.521958,-0.029328,0.002533,-0.999542,-0.005463,0.000244,-0.999969,-0.845973,0.038179,0.531785,0.830744,-0.072268,0.551927,-0.029328,-0.54857,-0.835566,-0.72692,-0.526322,0.441054,0.839839,-0.037904,0.541459,0.672445,-0.587848,0.44966],
    "metadata": {
        "bones": 3,
        "faces": 18,
        "normals": 19,
        "version": 3,
        "materials": 2,
        "type": "Geometry",
        "uvs": 1,
        "generator": "io_three",
        "vertices": 24
    },
    "influencesPerVertex": 2,
    "skinIndices": [1,2,2,0,1,2,1,2,1,0,1,0,1,0,2,0,2,0,2,0,2,0,2,0,2,0,2,0,2,0,0,1,0,1,0,1,0,0,0,0,0,0,0,0,0,0,0,0],
    "skinWeights": [0.737619,0.262381,1,0,0.536006,0.463994,0.93508,0.06492,0.999831,0,0.999792,0,0.999866,0,1,0,1,0,1,0,1,0,1,0,1,0,1,0,1,0,0.5,0.5,0.5,0.5,0.5,0.5,0.999934,0,0.999932,0,0.999934,0,1,0,1,0,1,0],
    "materials": [{
        "depthWrite": true,
        "transparent": true,
        "shading": "phong",
        "DbgColor": 15658734,
        "DbgIndex": 0,
        "blending": "NormalBlending",
        "colorAmbient": [0.64,0.64,0.64],
        "depthTest": true,
        "wireframe": false,
        "DbgName": "Material",
        "visible": true,
        "opacity": 0,
        "specularCoef": 50,
        "colorDiffuse": [0.64,0.64,0.64],
        "colorSpecular": [0.5,0.5,0.5],
        "colorEmissive": [0,0,0]
    },{
        "depthWrite": true,
        "transparent": false,
        "shading": "phong",
        "DbgColor": 15597568,
        "DbgIndex": 1,
        "blending": "NormalBlending",
        "colorAmbient": [0.38952,0.29126,0.037277],
        "depthTest": true,
        "wireframe": false,
        "DbgName": "Material.001",
        "visible": true,
        "opacity": 1,
        "specularCoef": 50,
        "colorDiffuse": [0.38952,0.29126,0.037277],
        "colorSpecular": [0.292039,0.214345,0.019773],
        "colorEmissive": [0,0,0]
    }],
    "uvs": [[0.366882,0.173324,0.496156,0.092492,0.413483,0.050801,0.430257,0.317049,0.411173,0.366639,0.336096,0.315848,0.565698,0.317084,0.507776,0.367868,0.430257,0.317104,0.336095,0.112913,0.430256,0.114114,0.484489,0.25132,0.385817,0.253722,0.430257,0.114134,0.565698,0.114114,0.617768,0.990181,0.365288,0.992134,0.384819,0.00396,0.56894,0.002007,0.392177,0.993965,0.616553,0.991534,0.570974,0.004316,0.386318,0.010507,0.467586,0.149071,0.550762,0.145615,0.467586,0.140951]],
    "name": "ConeGeometry.1",
    "vertices": [0.060913,0.797037,-0.004459,0.131962,0.984004,-0,0.064298,0.796223,0.00292,0.057598,0.797512,0.002804,0.04169,0.648265,-0.004459,0.045167,0.647816,0.00292,0.038364,0.648695,0.002804,0.138441,1.14199,-0,0.231933,1.1065,-0,0.014248,0.81476,-0,0.107741,0.779276,-0,0.185187,1.12424,0.05,0.185187,1.12424,-0.05,0.060995,0.797018,0.05,0.060995,0.797018,-0.05,0.02247,0.499498,-0.004459,0.025959,0.499195,0.00292,0.019131,0.499789,0.002804,0.015703,0.349648,-0.004459,0.019205,0.349489,0.00292,0.012353,0.349799,0.002804,-8.5e-05,4e-06,-0.004459,0.003418,-0.000154,0.00292,-0.003435,0.000155,0.002804]
}