{
    "normals": [0.7973570823669434,-0.18765830993652344,0.573534369468689,0.3559678792953491,0.9344767332077026,0.0,-0.8342234492301941,0.21649830043315887,0.5070955753326416,-0.06686605513095856,0.03238013759255409,-0.9972228407859802,-0.0048829615116119385,0.0006714072078466415,-0.999969482421875,0.8334605097770691,-0.10760826617479324,0.5419476628303528,-0.8398388624191284,0.10849329829216003,0.5318460464477539,0.0,0.0,-1.0,0.0,0.0,-0.999969482421875,-0.9349040389060974,0.35480818152427673,0.0,-0.8497268557548523,0.07394634932279587,0.52195805311203,-0.02932828664779663,0.002533036284148693,-0.999542236328125,-0.005462813191115856,0.0002441480755805969,-0.999969482421875,-0.8459730744361877,0.03817865625023842,0.5317850112915039,0.8307443261146545,-0.07226783037185669,0.5519272685050964,-0.02932828664779663,-0.5485702157020569,-0.8355662822723389,-0.7269203662872314,-0.5263221859931946,0.44105350971221924,0.8398388624191284,-0.03790398687124252,0.5414593815803528,0.6724448204040527,-0.5878475308418274,0.44965970516204834],
    "faces": [32,2,1,3,0,1,2,32,0,1,2,3,1,0,32,3,1,0,2,1,3,33,4,0,2,5,4,3,0,5,33,3,6,5,2,2,6,5,0,33,0,4,6,3,3,4,6,2,33,7,8,10,9,7,7,7,8,33,11,12,14,13,9,9,9,9,33,17,15,18,20,10,11,12,13,33,5,16,15,4,5,14,11,4,33,6,17,16,5,6,10,14,5,33,4,15,17,6,4,11,10,6,33,20,18,21,23,13,12,15,16,33,16,17,20,19,14,10,13,17,33,15,16,19,18,11,14,17,12,32,21,22,23,15,18,16,33,19,20,23,22,17,13,16,18,33,18,19,22,21,12,17,18,15],
    "name": "ConeGeometry.4",
    "vertices": [0.060912515968084335,0.7970367670059204,-0.004459419287741184,0.1319616734981537,0.9840037822723389,-3.3896569107128016e-08,0.06429816037416458,0.7962226271629333,0.002920422237366438,0.05759762227535248,0.7975121140480042,0.002804351504892111,0.04169026017189026,0.6482653617858887,-0.004459414165467024,0.04516724497079849,0.6478161811828613,0.002920426893979311,0.03836407884955406,0.6486951112747192,0.002804356161504984,0.13844053447246552,1.1419849395751953,-8.518874494711781e-10,0.23193340003490448,1.1065013408660889,-1.0566800767719542e-09,0.014248188585042953,0.8147597908973694,-7.352626596457412e-08,0.10774107277393341,0.7792763113975525,-7.279974312268678e-08,0.1851869821548462,1.1242430210113525,0.04999995976686478,0.18518699705600739,1.1242430210113525,-0.05000004172325134,0.06099461019039154,0.7970180511474609,0.04999997094273567,0.06099461019039154,0.7970180511474609,-0.05000003054738045,0.02246951311826706,0.4994983971118927,-0.004459409508854151,0.025959162041544914,0.4991947114467621,0.002920431550592184,0.019131220877170563,0.49978891015052795,0.002804360818117857,0.015703074634075165,0.34964755177497864,-0.0044594029895961285,0.01920538954436779,0.3494894206523895,0.0029204380698502064,0.012352664954960346,0.3497988283634186,0.0028043673373758793,-8.45583708724007e-05,3.814697265625e-06,-0.004459387622773647,0.003417758969590068,-0.00015434622764587402,0.0029204534366726875,-0.0034349681809544563,0.0001550912857055664,0.0028043827041983604],
    "metadata": {
        "type": "Geometry",
        "generator": "io_three",
        "normals": 19,
        "faces": 18,
        "version": 3,
        "vertices": 24
    }
}