	{

		"metadata": {
			"formatVersion" : 3.1,
			"generatedBy"   : "Blender 2.7 Exporter",
			"vertices"      : 96,
			"faces"         : 120,
			"normals"       : 16,
			"colors"        : 0,
			"uvs"           : [35],
			"materials"     : 1,
			"morphTargets"  : 0,
			"bones"         : 0
		},

			"scale" : 1.000000,
			
			"vertices" : [-0.2,0.2,-0.4,-0.2,0.2,0.4,-0.129289,0.170711,-0.4,-0.129289,0.17071,0.4,-0.1,0.1,-0.4,-0.1,0.0999997,0.4,-0.129289,0.0292896,-0.4,-0.129289,0.0292891,0.4,-0.2,2.30968e-07,-0.4,-0.2,-2.45869e-07,0.4,-0.270711,0.0292896,-0.4,-0.270711,0.0292891,0.4,-0.3,0.1,-0.4,-0.3,0.0999998,0.4,-0.270711,0.170711,-0.4,-0.270711,0.17071,0.4,0.2,0.2,-0.4,0.2,0.2,0.4,0.270711,0.170711,-0.4,0.270711,0.17071,0.4,0.3,0.1,-0.4,0.3,0.0999997,0.4,0.270711,0.0292896,-0.4,0.270711,0.0292891,0.4,0.2,2.30968e-07,-0.4,0.2,-2.45869e-07,0.4,0.129289,0.0292896,-0.4,0.129289,0.0292891,0.4,0.1,0.1,-0.4,0.1,0.0999998,0.4,0.129289,0.170711,-0.4,0.129289,0.17071,0.4,-7.45058e-09,0.2,-0.4,-7.45058e-09,0.2,0.4,0.0707107,0.170711,-0.4,0.0707107,0.17071,0.4,0.1,0.1,-0.4,0.1,0.0999997,0.4,0.0707107,0.0292896,-0.4,0.0707107,0.0292891,0.4,-1.61929e-08,2.30968e-07,-0.4,-1.61929e-08,-2.45869e-07,0.4,-0.0707107,0.0292896,-0.4,-0.0707107,0.0292891,0.4,-0.1,0.1,-0.4,-0.1,0.0999998,0.4,-0.0707107,0.170711,-0.4,-0.0707107,0.17071,0.4,-0.1,0.35,-0.4,-0.1,0.35,0.4,-0.0292893,0.320711,-0.4,-0.0292893,0.32071,0.4,7.45058e-09,0.25,-0.4,7.45058e-09,0.25,0.4,-0.0292893,0.17929,-0.4,-0.0292893,0.179289,0.4,-0.1,0.15,-0.4,-0.1,0.15,0.4,-0.170711,0.17929,-0.4,-0.170711,0.179289,0.4,-0.2,0.25,-0.4,-0.2,0.25,0.4,-0.170711,0.320711,-0.4,-0.170711,0.32071,0.4,0.1,0.35,-0.4,0.1,0.35,0.4,0.170711,0.320711,-0.4,0.170711,0.32071,0.4,0.2,0.25,-0.4,0.2,0.25,0.4,0.170711,0.17929,-0.4,0.170711,0.179289,0.4,0.1,0.15,-0.4,0.1,0.15,0.4,0.0292893,0.17929,-0.4,0.0292893,0.179289,0.4,-2.23517e-08,0.25,-0.4,-2.23517e-08,0.25,0.4,0.0292893,0.320711,-0.4,0.0292893,0.32071,0.4,-7.45058e-09,0.5,-0.4,-7.45058e-09,0.5,0.4,0.0707107,0.470711,-0.4,0.0707107,0.47071,0.4,0.1,0.4,-0.4,0.1,0.4,0.4,0.0707107,0.329289,-0.4,0.0707107,0.329289,0.4,-1.61929e-08,0.3,-0.4,-1.61929e-08,0.3,0.4,-0.0707107,0.32929,-0.4,-0.0707107,0.329289,0.4,-0.1,0.4,-0.4,-0.1,0.4,0.4,-0.0707107,0.470711,-0.4,-0.0707107,0.47071,0.4],
			"faces"    : [43,0,1,3,2,0,0,1,2,3,0,1,2,3,43,2,3,5,4,0,4,5,6,7,3,2,4,5,43,4,5,7,6,0,7,6,8,9,5,4,6,7,43,6,7,9,8,0,10,11,12,13,7,6,8,9,43,8,9,11,10,0,14,4,15,16,9,8,10,11,43,10,11,13,12,0,16,15,17,12,11,10,12,13,42,3,1,15,0,18,19,20,2,1,14,42,3,15,5,0,18,20,21,2,14,4,42,15,13,5,0,20,22,21,14,12,4,42,13,11,5,0,22,23,21,12,10,4,42,11,7,5,0,23,24,21,10,6,4,42,11,9,7,0,23,25,24,10,8,6,43,1,0,14,15,0,1,0,26,27,1,0,15,14,43,12,13,15,14,0,9,28,27,26,13,12,14,15,42,0,2,14,0,29,30,31,0,3,15,42,2,4,14,0,30,32,31,3,5,15,42,4,12,14,0,32,19,31,5,13,15,42,4,10,12,0,32,20,19,5,11,13,42,4,6,10,0,32,33,20,5,7,11,42,6,8,10,0,33,34,20,7,9,11,43,16,17,19,18,1,0,1,2,3,0,1,2,3,43,18,19,21,20,1,4,5,6,7,3,2,4,5,43,20,21,23,22,1,7,6,8,9,5,4,6,7,43,22,23,25,24,1,10,11,12,13,7,6,8,9,43,24,25,27,26,1,14,4,15,16,9,8,10,11,43,26,27,29,28,1,16,15,17,12,11,10,12,13,42,19,17,31,1,18,19,20,2,1,14,42,19,31,21,1,18,20,21,2,14,4,42,31,29,21,1,20,22,21,14,12,4,42,29,27,21,1,22,23,21,12,10,4,42,27,23,21,1,23,24,21,10,6,4,42,27,25,23,1,23,25,24,10,8,6,43,17,16,30,31,1,1,0,26,27,1,0,15,14,43,28,29,31,30,1,9,28,27,26,13,12,14,15,42,16,18,30,1,29,30,31,0,3,15,42,18,20,30,1,30,32,31,3,5,15,42,20,28,30,1,32,19,31,5,13,15,42,20,26,28,1,32,20,19,5,11,13,42,20,22,26,1,32,33,20,5,7,11,42,22,24,26,1,33,34,20,7,9,11,43,32,33,35,34,2,0,1,2,3,0,1,2,3,43,34,35,37,36,2,4,5,6,7,3,2,4,5,43,36,37,39,38,2,7,6,8,9,5,4,6,7,43,38,39,41,40,2,10,11,12,13,7,6,8,9,43,40,41,43,42,2,14,4,15,16,9,8,10,11,43,42,43,45,44,2,16,15,17,12,11,10,12,13,42,35,33,47,2,18,19,20,2,1,14,42,35,47,37,2,18,20,21,2,14,4,42,47,45,37,2,20,22,21,14,12,4,42,45,43,37,2,22,23,21,12,10,4,42,43,39,37,2,23,24,21,10,6,4,42,43,41,39,2,23,25,24,10,8,6,43,33,32,46,47,2,1,0,26,27,1,0,15,14,43,44,45,47,46,2,9,28,27,26,13,12,14,15,42,32,34,46,2,29,30,31,0,3,15,42,34,36,46,2,30,32,31,3,5,15,42,36,44,46,2,32,19,31,5,13,15,42,36,42,44,2,32,20,19,5,11,13,42,36,38,42,2,32,33,20,5,7,11,42,38,40,42,2,33,34,20,7,9,11,43,48,49,51,50,3,0,1,2,3,0,1,2,3,43,50,51,53,52,3,4,5,6,7,3,2,4,5,43,52,53,55,54,3,7,6,8,9,5,4,6,7,43,54,55,57,56,3,10,11,12,13,7,6,8,9,43,56,57,59,58,3,14,4,15,16,9,8,10,11,43,58,59,61,60,3,16,15,17,12,11,10,12,13,42,51,49,63,3,18,19,20,2,1,14,42,51,63,53,3,18,20,21,2,14,4,42,63,61,53,3,20,22,21,14,12,4,42,61,59,53,3,22,23,21,12,10,4,42,59,55,53,3,23,24,21,10,6,4,42,59,57,55,3,23,25,24,10,8,6,43,49,48,62,63,3,1,0,26,27,1,0,15,14,43,60,61,63,62,3,9,28,27,26,13,12,14,15,42,48,50,62,3,29,30,31,0,3,15,42,50,52,62,3,30,32,31,3,5,15,42,52,60,62,3,32,19,31,5,13,15,42,52,54,60,3,32,33,19,5,7,13,42,54,58,60,3,33,20,19,7,11,13,42,54,56,58,3,33,34,20,7,9,11,43,64,65,67,66,4,0,1,2,3,0,1,2,3,43,66,67,69,68,4,4,5,6,7,3,2,4,5,43,68,69,71,70,4,7,6,8,9,5,4,6,7,43,70,71,73,72,4,10,11,12,13,7,6,8,9,43,72,73,75,74,4,14,4,15,16,9,8,10,11,43,74,75,77,76,4,16,15,17,12,11,10,12,13,42,67,65,79,4,18,19,20,2,1,14,42,67,79,69,4,18,20,21,2,14,4,42,79,77,69,4,20,22,21,14,12,4,42,77,75,69,4,22,23,21,12,10,4,42,75,71,69,4,23,24,21,10,6,4,42,75,73,71,4,23,25,24,10,8,6,43,65,64,78,79,4,1,0,26,27,1,0,15,14,43,76,77,79,78,4,9,28,27,26,13,12,14,15,42,64,66,78,4,29,30,31,0,3,15,42,66,68,78,4,30,32,31,3,5,15,42,68,76,78,4,32,19,31,5,13,15,42,68,70,76,4,32,33,19,5,7,13,42,70,74,76,4,33,20,19,7,11,13,42,70,72,74,4,33,34,20,7,9,11,43,80,81,83,82,5,0,1,2,3,0,1,2,3,43,82,83,85,84,5,4,5,6,7,3,2,4,5,43,84,85,87,86,5,7,6,8,9,5,4,6,7,43,86,87,89,88,5,10,11,12,13,7,6,8,9,43,88,89,91,90,5,14,4,15,16,9,8,10,11,43,90,91,93,92,5,16,15,17,12,11,10,12,13,42,83,81,95,5,18,19,20,2,1,14,42,83,95,85,5,18,20,21,2,14,4,42,95,93,85,5,20,22,21,14,12,4,42,93,91,85,5,22,23,21,12,10,4,42,91,87,85,5,23,24,21,10,6,4,42,91,89,87,5,23,25,24,10,8,6,43,81,80,94,95,5,1,0,26,27,1,0,15,14,43,92,93,95,94,5,9,28,27,26,13,12,14,15,42,80,82,94,5,29,30,31,0,3,15,42,82,84,94,5,30,32,31,3,5,15,42,84,92,94,5,32,19,31,5,13,15,42,84,86,92,5,32,33,19,5,7,13,42,86,90,92,5,33,20,19,7,11,13,42,86,88,90,5,33,34,20,7,9,11],
			"uvs"      : [[-1.37185,-1.93384,-1.37185,3.06474,-1.71,3.06474,-1.71,-1.93384,0.260891,-1.93384,0.260891,3.06474,-0.217328,3.06474,-0.217328,-1.93384,-0.555479,3.06474,-0.555479,-1.93384,1.55548,-1.93384,1.55548,3.06474,1.07726,3.06474,1.07726,-1.93384,0.260891,3.06474,0.599042,-1.93384,0.599042,3.06474,1.07726,-1.93384,1.55548,-0.441167,1.89363,-0.779318,2.37185,-0.779318,1.55548,0.037052,2.71,-0.441167,2.71,0.037051,1.89363,0.375203,2.37185,0.375203,-0.89363,-1.93384,-0.893631,3.06474,-0.555479,3.06474,1.55548,-1.59569,1.89363,-1.93384,1.55548,-1.11747,2.37185,-1.93384,2.71,-1.59569,2.71,-1.11747]],
			"normals"  : [0,0.77636,-0.630238,0,0.77636,0.630238,0.548967,0.548967,0.630238,0.548967,0.548967,-0.630238,0.77636,0,0.630238,0.77636,0,-0.630238,0.548967,-0.548967,0.630238,0.548967,-0.548967,-0.630238,0,-0.77636,0.630238,0,-0.77636,-0.630238,-0.548967,-0.548967,0.630238,-0.548967,-0.548967,-0.630238,-0.77636,0,0.630238,-0.77636,0,-0.630238,-0.548967,0.548967,0.630238,-0.548967,0.548967,-0.630238],
			
			"skinIndices"  : [],
			"skinWeights"  : [],
			"morphTargets" : [],
			
			"bones"      : [],
			"animations" : [],
			
			"colors"    : [],
			"materials" : [
				{
					"DbgColor": 15658734,
					"DbgIndex": 0,
					"DbgName": "Material",
					"blending": "NormalBlending",
					"colorAmbient": [0.6400000190734865, 0.6400000190734865, 0.6400000190734865],
					"colorDiffuse": [0.6400000190734865, 0.6400000190734865, 0.6400000190734865],
					"colorEmissive": [0.0, 0.0, 0.0],
					"colorSpecular": [0.0, 0.0, 0.0],
					"depthTest": true,
					"depthWrite": true,
					"mapDiffuse": "bark.jpg",
					"mapDiffuseWrap": ["repeat", "repeat"],
					"shading": "Lambert",
					"specularCoef": 50,
					"transparency": 1.0,
					"transparent": false,